Channel,Channel_key,N trials,Mean enrolled (used),Mean enrolled (not used),Lift (subjects),Cost (USD),"Lift per $1,000"
Email,adv_email,1532,203.7,159.2,44.5,500.0,89.0
Community,adv_community_presentation,1060,204.3,169.7,34.6,400.0,86.55
Online,adv_online,1282,205.8,164.2,41.6,1200.0,34.67
Newsletter,adv_newsletter,783,187.5,180.0,7.5,300.0,25.14
Pamphlet,adv_pamphlet,1958,182.4,181.2,1.2,150.0,8.17
Newspaper,adv_newspaper,606,185.7,181.0,4.7,800.0,5.94
Radio,adv_radio,267,183.7,181.8,1.9,1500.0,1.29
TV,adv_tv,213,187.9,181.5,6.4,5000.0,1.27
Other,adv_other,450,182.6,181.8,0.7,600.0,1.2
Poster,adv_poster,2275,179.9,188.3,-8.3,200.0,-41.61
